Day of Date 2020,Transit Agency,Avg. PercentNorm%,Sum of Agency Order ID
"Wed, 06/03/20",Average,-66%,12
"Tue, 06/02/20",Average,-71%,12
"Mon, 06/01/20",Average,-68%,12
"Sun, 05/31/20",Average,-52%,12
"Sat, 05/30/20",Average,-66%,12
"Fri, 05/29/20",Average,-67%,12
"Thu, 05/28/20",Average,-69%,12
"Wed, 05/27/20",Average,-69%,12
"Tue, 05/26/20",Average,-70%,12
"Mon, 05/25/20",Average,-54%,12
"Sun, 05/24/20",Average,-51%,12
"Sat, 05/23/20",Average,-55%,12
"Fri, 05/22/20",Average,-69%,12
"Thu, 05/21/20",Average,-73%,12
"Wed, 05/20/20",Average,-73%,12
"Tue, 05/19/20",Average,-72%,12
"Mon, 05/18/20",Average,-72%,12
"Sun, 05/17/20",Average,-52%,12
"Sat, 05/16/20",Average,-64%,12
"Fri, 05/15/20",Average,-70%,12
"Thu, 05/14/20",Average,-73%,12
"Wed, 05/13/20",Average,-73%,12
"Tue, 05/12/20",Average,-73%,12
"Mon, 05/11/20",Average,-73%,12
"Sun, 05/10/20",Average,-50%,12
"Sat, 05/09/20",Average,-61%,12
"Fri, 05/08/20",Average,-72%,12
"Thu, 05/07/20",Average,-73%,12
"Wed, 05/06/20",Average,-75%,12
"Tue, 05/05/20",Average,-74%,12
"Mon, 05/04/20",Average,-73%,12
"Sun, 05/03/20",Average,-63%,12
"Sat, 05/02/20",Average,-69%,12
"Fri, 05/01/20",Average,-72%,12
"Thu, 04/30/20",Average,-74%,12
"Wed, 04/29/20",Average,-75%,12
"Tue, 04/28/20",Average,-75%,12
"Mon, 04/27/20",Average,-75%,12
"Sun, 04/26/20",Average,-58%,12
"Sat, 04/25/20",Average,-63%,12
"Fri, 04/24/20",Average,-74%,12
"Thu, 04/23/20",Average,-76%,12
"Wed, 04/22/20",Average,-77%,12
"Tue, 04/21/20",Average,-76%,12
"Mon, 04/20/20",Average,-74%,12
"Sun, 04/19/20",Average,-53%,12
"Sat, 04/18/20",Average,-65%,12
"Fri, 04/17/20",Average,-73%,12
"Thu, 04/16/20",Average,-75%,12
"Wed, 04/15/20",Average,-76%,12
"Tue, 04/14/20",Average,-76%,12
"Mon, 04/13/20",Average,-76%,12
"Sun, 04/12/20",Average,-58%,12
"Sat, 04/11/20",Average,-60%,12
"Fri, 04/10/20",Average,-73%,12
"Thu, 04/09/20",Average,-74%,12
"Wed, 04/08/20",Average,-73%,12
"Tue, 04/07/20",Average,-74%,12
"Mon, 04/06/20",Average,-74%,12
"Sun, 04/05/20",Average,-57%,12
"Sat, 04/04/20",Average,-57%,12
"Fri, 04/03/20",Average,-68%,12
"Thu, 04/02/20",Average,-73%,12
"Wed, 04/01/20",Average,-70%,12
"Tue, 03/31/20",Average,-74%,12
"Mon, 03/30/20",Average,-73%,12
"Sun, 03/29/20",Average,-59%,12
"Sat, 03/28/20",Average,-62%,12
"Fri, 03/27/20",Average,-69%,12
"Thu, 03/26/20",Average,-70%,12
"Wed, 03/25/20",Average,-68%,12
"Tue, 03/24/20",Average,-68%,12
"Mon, 03/23/20",Average,-64%,12
"Sun, 03/22/20",Average,-45%,12
"Sat, 03/21/20",Average,-46%,12
"Fri, 03/20/20",Average,-54%,12
"Thu, 03/19/20",Average,-56%,12
"Wed, 03/18/20",Average,-54%,12
"Tue, 03/17/20",Average,-51%,12
"Mon, 03/16/20",Average,-44%,12
"Sun, 03/15/20",Average,-28%,12
"Sat, 03/14/20",Average,-29%,12
"Fri, 03/13/20",Average,-35%,12
"Thu, 03/12/20",Average,-23%,12
"Wed, 03/11/20",Average,-14%,12
"Tue, 03/10/20",Average,-17%,12
"Mon, 03/09/20",Average,-16%,12
"Sun, 03/08/20",Average,-10%,12
"Sat, 03/07/20",Average,-12%,12
"Fri, 03/06/20",Average,-12%,12
"Thu, 03/05/20",Average,12%,12
"Wed, 03/04/20",Average,0%,12
"Tue, 03/03/20",Average,0%,12
"Mon, 03/02/20",Average,-5%,12
"Sun, 03/01/20",Average,-5%,12
"Wed, 06/03/20",Whatcom Transit,,11
"Tue, 06/02/20",Whatcom Transit,-89%,11
"Mon, 06/01/20",Whatcom Transit,-80%,11
"Sun, 05/31/20",Whatcom Transit,-69%,11
"Sat, 05/30/20",Whatcom Transit,-80%,11
"Fri, 05/29/20",Whatcom Transit,-81%,11
"Thu, 05/28/20",Whatcom Transit,-82%,11
"Wed, 05/27/20",Whatcom Transit,-82%,11
"Tue, 05/26/20",Whatcom Transit,-80%,11
"Mon, 05/25/20",Whatcom Transit,,11
"Sun, 05/24/20",Whatcom Transit,-80%,11
"Sat, 05/23/20",Whatcom Transit,-69%,11
"Fri, 05/22/20",Whatcom Transit,-80%,11
"Thu, 05/21/20",Whatcom Transit,-82%,11
"Wed, 05/20/20",Whatcom Transit,-84%,11
"Tue, 05/19/20",Whatcom Transit,-84%,11
"Mon, 05/18/20",Whatcom Transit,-82%,11
"Sun, 05/17/20",Whatcom Transit,-72%,11
"Sat, 05/16/20",Whatcom Transit,-80%,11
"Fri, 05/15/20",Whatcom Transit,-81%,11
"Thu, 05/14/20",Whatcom Transit,-82%,11
"Wed, 05/13/20",Whatcom Transit,-83%,11
"Tue, 05/12/20",Whatcom Transit,-85%,11
"Mon, 05/11/20",Whatcom Transit,-84%,11
"Sun, 05/10/20",Whatcom Transit,-69%,11
"Sat, 05/09/20",Whatcom Transit,-77%,11
"Fri, 05/08/20",Whatcom Transit,-82%,11
"Thu, 05/07/20",Whatcom Transit,-83%,11
"Wed, 05/06/20",Whatcom Transit,-84%,11
"Tue, 05/05/20",Whatcom Transit,-85%,11
"Mon, 05/04/20",Whatcom Transit,-83%,11
"Sun, 05/03/20",Whatcom Transit,-69%,11
"Sat, 05/02/20",Whatcom Transit,-78%,11
"Fri, 05/01/20",Whatcom Transit,-80%,11
"Thu, 04/30/20",Whatcom Transit,-84%,11
"Wed, 04/29/20",Whatcom Transit,-84%,11
"Tue, 04/28/20",Whatcom Transit,-86%,11
"Mon, 04/27/20",Whatcom Transit,-85%,11
"Sun, 04/26/20",Whatcom Transit,-73%,11
"Sat, 04/25/20",Whatcom Transit,-85%,11
"Fri, 04/24/20",Whatcom Transit,-84%,11
"Thu, 04/23/20",Whatcom Transit,-84%,11
"Wed, 04/22/20",Whatcom Transit,-86%,11
"Tue, 04/21/20",Whatcom Transit,-87%,11
"Mon, 04/20/20",Whatcom Transit,-86%,11
"Sun, 04/19/20",Whatcom Transit,-67%,11
"Sat, 04/18/20",Whatcom Transit,-82%,11
"Fri, 04/17/20",Whatcom Transit,-83%,11
"Thu, 04/16/20",Whatcom Transit,-84%,11
"Wed, 04/15/20",Whatcom Transit,-85%,11
"Tue, 04/14/20",Whatcom Transit,-87%,11
"Mon, 04/13/20",Whatcom Transit,-85%,11
"Sun, 04/12/20",Whatcom Transit,-80%,11
"Sat, 04/11/20",Whatcom Transit,-81%,11
"Fri, 04/10/20",Whatcom Transit,-85%,11
"Thu, 04/09/20",Whatcom Transit,-86%,11
"Wed, 04/08/20",Whatcom Transit,-86%,11
"Tue, 04/07/20",Whatcom Transit,-85%,11
"Mon, 04/06/20",Whatcom Transit,-86%,11
"Sun, 04/05/20",Whatcom Transit,-77%,11
"Sat, 04/04/20",Whatcom Transit,-80%,11
"Fri, 04/03/20",Whatcom Transit,-83%,11
"Thu, 04/02/20",Whatcom Transit,-85%,11
"Wed, 04/01/20",Whatcom Transit,-82%,11
"Tue, 03/31/20",Whatcom Transit,-87%,11
"Mon, 03/30/20",Whatcom Transit,-79%,11
"Sun, 03/29/20",Whatcom Transit,-69%,11
"Sat, 03/28/20",Whatcom Transit,-69%,11
"Fri, 03/27/20",Whatcom Transit,-67%,11
"Thu, 03/26/20",Whatcom Transit,-70%,11
"Wed, 03/25/20",Whatcom Transit,-68%,11
"Tue, 03/24/20",Whatcom Transit,-68%,11
"Mon, 03/23/20",Whatcom Transit,-63%,11
"Sun, 03/22/20",Whatcom Transit,-50%,11
"Sat, 03/21/20",Whatcom Transit,-53%,11
"Fri, 03/20/20",Whatcom Transit,-60%,11
"Thu, 03/19/20",Whatcom Transit,-64%,11
"Wed, 03/18/20",Whatcom Transit,-67%,11
"Tue, 03/17/20",Whatcom Transit,-64%,11
"Mon, 03/16/20",Whatcom Transit,-60%,11
"Sun, 03/15/20",Whatcom Transit,-36%,11
"Sat, 03/14/20",Whatcom Transit,-39%,11
"Fri, 03/13/20",Whatcom Transit,-48%,11
"Thu, 03/12/20",Whatcom Transit,-41%,11
"Wed, 03/11/20",Whatcom Transit,-38%,11
"Tue, 03/10/20",Whatcom Transit,-8%,11
"Mon, 03/09/20",Whatcom Transit,-6%,11
"Sun, 03/08/20",Whatcom Transit,7%,11
"Sat, 03/07/20",Whatcom Transit,-2%,11
"Fri, 03/06/20",Whatcom Transit,-7%,11
"Thu, 03/05/20",Whatcom Transit,-1%,11
"Wed, 03/04/20",Whatcom Transit,-3%,11
"Tue, 03/03/20",Whatcom Transit,-1%,11
"Mon, 03/02/20",Whatcom Transit,-8%,11
"Sun, 03/01/20",Whatcom Transit,4%,11
"Wed, 06/03/20",Everett Transit,-60%,10
"Tue, 06/02/20",Everett Transit,-67%,10
"Mon, 06/01/20",Everett Transit,-64%,10
"Sun, 05/31/20",Everett Transit,,10
"Sat, 05/30/20",Everett Transit,-63%,10
"Fri, 05/29/20",Everett Transit,-61%,10
"Thu, 05/28/20",Everett Transit,-65%,10
"Wed, 05/27/20",Everett Transit,-65%,10
"Tue, 05/26/20",Everett Transit,-66%,10
"Mon, 05/25/20",Everett Transit,-54%,10
"Sun, 05/24/20",Everett Transit,,10
"Sat, 05/23/20",Everett Transit,-49%,10
"Fri, 05/22/20",Everett Transit,-63%,10
"Thu, 05/21/20",Everett Transit,-71%,10
"Wed, 05/20/20",Everett Transit,-68%,10
"Tue, 05/19/20",Everett Transit,-68%,10
"Mon, 05/18/20",Everett Transit,-65%,10
"Sun, 05/17/20",Everett Transit,,10
"Sat, 05/16/20",Everett Transit,-58%,10
"Fri, 05/15/20",Everett Transit,-62%,10
"Thu, 05/14/20",Everett Transit,-72%,10
"Wed, 05/13/20",Everett Transit,-68%,10
"Tue, 05/12/20",Everett Transit,-68%,10
"Mon, 05/11/20",Everett Transit,-70%,10
"Sun, 05/10/20",Everett Transit,,10
"Sat, 05/09/20",Everett Transit,-57%,10
"Fri, 05/08/20",Everett Transit,-70%,10
"Thu, 05/07/20",Everett Transit,-74%,10
"Wed, 05/06/20",Everett Transit,-72%,10
"Tue, 05/05/20",Everett Transit,-70%,10
"Mon, 05/04/20",Everett Transit,-69%,10
"Sun, 05/03/20",Everett Transit,,10
"Sat, 05/02/20",Everett Transit,-64%,10
"Fri, 05/01/20",Everett Transit,-67%,10
"Thu, 04/30/20",Everett Transit,-75%,10
"Wed, 04/29/20",Everett Transit,-72%,10
"Tue, 04/28/20",Everett Transit,-72%,10
"Mon, 04/27/20",Everett Transit,-72%,10
"Sun, 04/26/20",Everett Transit,,10
"Sat, 04/25/20",Everett Transit,-62%,10
"Fri, 04/24/20",Everett Transit,-71%,10
"Thu, 04/23/20",Everett Transit,-76%,10
"Wed, 04/22/20",Everett Transit,-78%,10
"Tue, 04/21/20",Everett Transit,-75%,10
"Mon, 04/20/20",Everett Transit,-71%,10
"Sun, 04/19/20",Everett Transit,,10
"Sat, 04/18/20",Everett Transit,-66%,10
"Fri, 04/17/20",Everett Transit,-71%,10
"Thu, 04/16/20",Everett Transit,-73%,10
"Wed, 04/15/20",Everett Transit,-76%,10
"Tue, 04/14/20",Everett Transit,-74%,10
"Mon, 04/13/20",Everett Transit,-74%,10
"Sun, 04/12/20",Everett Transit,,10
"Sat, 04/11/20",Everett Transit,-64%,10
"Fri, 04/10/20",Everett Transit,-75%,10
"Thu, 04/09/20",Everett Transit,-75%,10
"Wed, 04/08/20",Everett Transit,-73%,10
"Tue, 04/07/20",Everett Transit,-76%,10
"Mon, 04/06/20",Everett Transit,-73%,10
"Sun, 04/05/20",Everett Transit,,10
"Sat, 04/04/20",Everett Transit,-59%,10
"Fri, 04/03/20",Everett Transit,-66%,10
"Thu, 04/02/20",Everett Transit,-79%,10
"Wed, 04/01/20",Everett Transit,-73%,10
"Tue, 03/31/20",Everett Transit,-79%,10
"Mon, 03/30/20",Everett Transit,-79%,10
"Sun, 03/29/20",Everett Transit,,10
"Sat, 03/28/20",Everett Transit,-69%,10
"Fri, 03/27/20",Everett Transit,-70%,10
"Thu, 03/26/20",Everett Transit,-71%,10
"Wed, 03/25/20",Everett Transit,-70%,10
"Tue, 03/24/20",Everett Transit,-73%,10
"Mon, 03/23/20",Everett Transit,-70%,10
"Sun, 03/22/20",Everett Transit,-45%,10
"Sat, 03/21/20",Everett Transit,-50%,10
"Fri, 03/20/20",Everett Transit,-40%,10
"Thu, 03/19/20",Everett Transit,-49%,10
"Wed, 03/18/20",Everett Transit,-45%,10
"Tue, 03/17/20",Everett Transit,-45%,10
"Mon, 03/16/20",Everett Transit,-34%,10
"Sun, 03/15/20",Everett Transit,-29%,10
"Sat, 03/14/20",Everett Transit,-24%,10
"Fri, 03/13/20",Everett Transit,-34%,10
"Thu, 03/12/20",Everett Transit,-28%,10
"Wed, 03/11/20",Everett Transit,-22%,10
"Tue, 03/10/20",Everett Transit,-19%,10
"Mon, 03/09/20",Everett Transit,-21%,10
"Sun, 03/08/20",Everett Transit,-17%,10
"Sat, 03/07/20",Everett Transit,-26%,10
"Fri, 03/06/20",Everett Transit,-18%,10
"Thu, 03/05/20",Everett Transit,-4%,10
"Wed, 03/04/20",Everett Transit,-4%,10
"Tue, 03/03/20",Everett Transit,-1%,10
"Mon, 03/02/20",Everett Transit,-21%,10
"Sun, 03/01/20",Everett Transit,-14%,10
"Wed, 06/03/20",Intercity Transit,-96%,9
"Tue, 06/02/20",Intercity Transit,-97%,9
"Mon, 06/01/20",Intercity Transit,-97%,9
"Sun, 05/31/20",Intercity Transit,-98%,9
"Sat, 05/30/20",Intercity Transit,-97%,9
"Fri, 05/29/20",Intercity Transit,-96%,9
"Thu, 05/28/20",Intercity Transit,-96%,9
"Wed, 05/27/20",Intercity Transit,-96%,9
"Tue, 05/26/20",Intercity Transit,-97%,9
"Mon, 05/25/20",Intercity Transit,-98%,9
"Sun, 05/24/20",Intercity Transit,-98%,9
"Sat, 05/23/20",Intercity Transit,-96%,9
"Fri, 05/22/20",Intercity Transit,-96%,9
"Thu, 05/21/20",Intercity Transit,-96%,9
"Wed, 05/20/20",Intercity Transit,-96%,9
"Tue, 05/19/20",Intercity Transit,-97%,9
"Mon, 05/18/20",Intercity Transit,-97%,9
"Sun, 05/17/20",Intercity Transit,-98%,9
"Sat, 05/16/20",Intercity Transit,-97%,9
"Fri, 05/15/20",Intercity Transit,-96%,9
"Thu, 05/14/20",Intercity Transit,-97%,9
"Wed, 05/13/20",Intercity Transit,-97%,9
"Tue, 05/12/20",Intercity Transit,-97%,9
"Mon, 05/11/20",Intercity Transit,-97%,9
"Sun, 05/10/20",Intercity Transit,-98%,9
"Sat, 05/09/20",Intercity Transit,-97%,9
"Fri, 05/08/20",Intercity Transit,-97%,9
"Thu, 05/07/20",Intercity Transit,-97%,9
"Wed, 05/06/20",Intercity Transit,-96%,9
"Tue, 05/05/20",Intercity Transit,-97%,9
"Mon, 05/04/20",Intercity Transit,-97%,9
"Sun, 05/03/20",Intercity Transit,-98%,9
"Sat, 05/02/20",Intercity Transit,-97%,9
"Fri, 05/01/20",Intercity Transit,-96%,9
"Thu, 04/30/20",Intercity Transit,-97%,9
"Wed, 04/29/20",Intercity Transit,-97%,9
"Tue, 04/28/20",Intercity Transit,-97%,9
"Mon, 04/27/20",Intercity Transit,-97%,9
"Sun, 04/26/20",Intercity Transit,-98%,9
"Sat, 04/25/20",Intercity Transit,-97%,9
"Fri, 04/24/20",Intercity Transit,-97%,9
"Thu, 04/23/20",Intercity Transit,-97%,9
"Wed, 04/22/20",Intercity Transit,-97%,9
"Tue, 04/21/20",Intercity Transit,-97%,9
"Mon, 04/20/20",Intercity Transit,-97%,9
"Sun, 04/19/20",Intercity Transit,-98%,9
"Sat, 04/18/20",Intercity Transit,-97%,9
"Fri, 04/17/20",Intercity Transit,-97%,9
"Thu, 04/16/20",Intercity Transit,-97%,9
"Wed, 04/15/20",Intercity Transit,-97%,9
"Tue, 04/14/20",Intercity Transit,-98%,9
"Mon, 04/13/20",Intercity Transit,-98%,9
"Sun, 04/12/20",Intercity Transit,-81%,9
"Sat, 04/11/20",Intercity Transit,-73%,9
"Fri, 04/10/20",Intercity Transit,-68%,9
"Thu, 04/09/20",Intercity Transit,-72%,9
"Wed, 04/08/20",Intercity Transit,-70%,9
"Tue, 04/07/20",Intercity Transit,-69%,9
"Mon, 04/06/20",Intercity Transit,-66%,9
"Sun, 04/05/20",Intercity Transit,-51%,9
"Sat, 04/04/20",Intercity Transit,-50%,9
"Fri, 04/03/20",Intercity Transit,-63%,9
"Thu, 04/02/20",Intercity Transit,-65%,9
"Wed, 04/01/20",Intercity Transit,-60%,9
"Tue, 03/31/20",Intercity Transit,-64%,9
"Mon, 03/30/20",Intercity Transit,-63%,9
"Sun, 03/29/20",Intercity Transit,-47%,9
"Sat, 03/28/20",Intercity Transit,-48%,9
"Fri, 03/27/20",Intercity Transit,-59%,9
"Thu, 03/26/20",Intercity Transit,-62%,9
"Wed, 03/25/20",Intercity Transit,-57%,9
"Tue, 03/24/20",Intercity Transit,-56%,9
"Mon, 03/23/20",Intercity Transit,-53%,9
"Sun, 03/22/20",Intercity Transit,-43%,9
"Sat, 03/21/20",Intercity Transit,-37%,9
"Fri, 03/20/20",Intercity Transit,-45%,9
"Thu, 03/19/20",Intercity Transit,-45%,9
"Wed, 03/18/20",Intercity Transit,-40%,9
"Tue, 03/17/20",Intercity Transit,-37%,9
"Mon, 03/16/20",Intercity Transit,-31%,9
"Sun, 03/15/20",Intercity Transit,-24%,9
"Sat, 03/14/20",Intercity Transit,-6%,9
"Fri, 03/13/20",Intercity Transit,-24%,9
"Thu, 03/12/20",Intercity Transit,-10%,9
"Wed, 03/11/20",Intercity Transit,-2%,9
"Tue, 03/10/20",Intercity Transit,-2%,9
"Mon, 03/09/20",Intercity Transit,-2%,9
"Sun, 03/08/20",Intercity Transit,-11%,9
"Sat, 03/07/20",Intercity Transit,2%,9
"Fri, 03/06/20",Intercity Transit,-3%,9
"Thu, 03/05/20",Intercity Transit,0%,9
"Wed, 03/04/20",Intercity Transit,4%,9
"Tue, 03/03/20",Intercity Transit,1%,9
"Mon, 03/02/20",Intercity Transit,-9%,9
"Sun, 03/01/20",Intercity Transit,-8%,9
"Wed, 06/03/20",Kitsap Transit - Fast Foot Ferry only,-67%,8
"Tue, 06/02/20",Kitsap Transit - Fast Foot Ferry only,-69%,8
"Mon, 06/01/20",Kitsap Transit - Fast Foot Ferry only,-69%,8
"Sun, 05/31/20",Kitsap Transit - Fast Foot Ferry only,,8
"Sat, 05/30/20",Kitsap Transit - Fast Foot Ferry only,-100%,8
"Fri, 05/29/20",Kitsap Transit - Fast Foot Ferry only,-63%,8
"Thu, 05/28/20",Kitsap Transit - Fast Foot Ferry only,-64%,8
"Wed, 05/27/20",Kitsap Transit - Fast Foot Ferry only,-64%,8
"Tue, 05/26/20",Kitsap Transit - Fast Foot Ferry only,-65%,8
"Mon, 05/25/20",Kitsap Transit - Fast Foot Ferry only,,8
"Sun, 05/24/20",Kitsap Transit - Fast Foot Ferry only,,8
"Sat, 05/23/20",Kitsap Transit - Fast Foot Ferry only,-100%,8
"Fri, 05/22/20",Kitsap Transit - Fast Foot Ferry only,-68%,8
"Thu, 05/21/20",Kitsap Transit - Fast Foot Ferry only,-62%,8
"Wed, 05/20/20",Kitsap Transit - Fast Foot Ferry only,-65%,8
"Tue, 05/19/20",Kitsap Transit - Fast Foot Ferry only,-65%,8
"Mon, 05/18/20",Kitsap Transit - Fast Foot Ferry only,-66%,8
"Sun, 05/17/20",Kitsap Transit - Fast Foot Ferry only,,8
"Sat, 05/16/20",Kitsap Transit - Fast Foot Ferry only,-100%,8
"Fri, 05/15/20",Kitsap Transit - Fast Foot Ferry only,-66%,8
"Thu, 05/14/20",Kitsap Transit - Fast Foot Ferry only,-68%,8
"Wed, 05/13/20",Kitsap Transit - Fast Foot Ferry only,-67%,8
"Tue, 05/12/20",Kitsap Transit - Fast Foot Ferry only,-68%,8
"Mon, 05/11/20",Kitsap Transit - Fast Foot Ferry only,-67%,8
"Sun, 05/10/20",Kitsap Transit - Fast Foot Ferry only,,8
"Sat, 05/09/20",Kitsap Transit - Fast Foot Ferry only,-100%,8
"Fri, 05/08/20",Kitsap Transit - Fast Foot Ferry only,-67%,8
"Thu, 05/07/20",Kitsap Transit - Fast Foot Ferry only,-61%,8
"Wed, 05/06/20",Kitsap Transit - Fast Foot Ferry only,-68%,8
"Tue, 05/05/20",Kitsap Transit - Fast Foot Ferry only,-69%,8
"Mon, 05/04/20",Kitsap Transit - Fast Foot Ferry only,-69%,8
"Sun, 05/03/20",Kitsap Transit - Fast Foot Ferry only,,8
"Sat, 05/02/20",Kitsap Transit - Fast Foot Ferry only,-100%,8
"Fri, 05/01/20",Kitsap Transit - Fast Foot Ferry only,-70%,8
"Thu, 04/30/20",Kitsap Transit - Fast Foot Ferry only,-66%,8
"Wed, 04/29/20",Kitsap Transit - Fast Foot Ferry only,-72%,8
"Tue, 04/28/20",Kitsap Transit - Fast Foot Ferry only,-72%,8
"Mon, 04/27/20",Kitsap Transit - Fast Foot Ferry only,-72%,8
"Sun, 04/26/20",Kitsap Transit - Fast Foot Ferry only,,8
"Sat, 04/25/20",Kitsap Transit - Fast Foot Ferry only,,8
"Fri, 04/24/20",Kitsap Transit - Fast Foot Ferry only,-68%,8
"Thu, 04/23/20",Kitsap Transit - Fast Foot Ferry only,-74%,8
"Wed, 04/22/20",Kitsap Transit - Fast Foot Ferry only,-70%,8
"Tue, 04/21/20",Kitsap Transit - Fast Foot Ferry only,-75%,8
"Mon, 04/20/20",Kitsap Transit - Fast Foot Ferry only,-71%,8
"Sun, 04/19/20",Kitsap Transit - Fast Foot Ferry only,,8
"Sat, 04/18/20",Kitsap Transit - Fast Foot Ferry only,,8
"Fri, 04/17/20",Kitsap Transit - Fast Foot Ferry only,-72%,8
"Thu, 04/16/20",Kitsap Transit - Fast Foot Ferry only,-74%,8
"Wed, 04/15/20",Kitsap Transit - Fast Foot Ferry only,-74%,8
"Tue, 04/14/20",Kitsap Transit - Fast Foot Ferry only,-72%,8
"Mon, 04/13/20",Kitsap Transit - Fast Foot Ferry only,-74%,8
"Sun, 04/12/20",Kitsap Transit - Fast Foot Ferry only,,8
"Sat, 04/11/20",Kitsap Transit - Fast Foot Ferry only,,8
"Fri, 04/10/20",Kitsap Transit - Fast Foot Ferry only,-74%,8
"Thu, 04/09/20",Kitsap Transit - Fast Foot Ferry only,-73%,8
"Wed, 04/08/20",Kitsap Transit - Fast Foot Ferry only,-73%,8
"Tue, 04/07/20",Kitsap Transit - Fast Foot Ferry only,-73%,8
"Mon, 04/06/20",Kitsap Transit - Fast Foot Ferry only,-78%,8
"Sun, 04/05/20",Kitsap Transit - Fast Foot Ferry only,,8
"Sat, 04/04/20",Kitsap Transit - Fast Foot Ferry only,,8
"Fri, 04/03/20",Kitsap Transit - Fast Foot Ferry only,-73%,8
"Thu, 04/02/20",Kitsap Transit - Fast Foot Ferry only,-74%,8
"Wed, 04/01/20",Kitsap Transit - Fast Foot Ferry only,-73%,8
"Tue, 03/31/20",Kitsap Transit - Fast Foot Ferry only,-82%,8
"Mon, 03/30/20",Kitsap Transit - Fast Foot Ferry only,-79%,8
"Sun, 03/29/20",Kitsap Transit - Fast Foot Ferry only,,8
"Sat, 03/28/20",Kitsap Transit - Fast Foot Ferry only,,8
"Fri, 03/27/20",Kitsap Transit - Fast Foot Ferry only,-83%,8
"Thu, 03/26/20",Kitsap Transit - Fast Foot Ferry only,-80%,8
"Wed, 03/25/20",Kitsap Transit - Fast Foot Ferry only,-77%,8
"Tue, 03/24/20",Kitsap Transit - Fast Foot Ferry only,-76%,8
"Mon, 03/23/20",Kitsap Transit - Fast Foot Ferry only,-73%,8
"Sun, 03/22/20",Kitsap Transit - Fast Foot Ferry only,,8
"Sat, 03/21/20",Kitsap Transit - Fast Foot Ferry only,,8
"Fri, 03/20/20",Kitsap Transit - Fast Foot Ferry only,-67%,8
"Thu, 03/19/20",Kitsap Transit - Fast Foot Ferry only,-69%,8
"Wed, 03/18/20",Kitsap Transit - Fast Foot Ferry only,-63%,8
"Tue, 03/17/20",Kitsap Transit - Fast Foot Ferry only,-64%,8
"Mon, 03/16/20",Kitsap Transit - Fast Foot Ferry only,-59%,8
"Sun, 03/15/20",Kitsap Transit - Fast Foot Ferry only,,8
"Sat, 03/14/20",Kitsap Transit - Fast Foot Ferry only,,8
"Fri, 03/13/20",Kitsap Transit - Fast Foot Ferry only,-44%,8
"Thu, 03/12/20",Kitsap Transit - Fast Foot Ferry only,-3%,8
"Wed, 03/11/20",Kitsap Transit - Fast Foot Ferry only,63%,8
"Tue, 03/10/20",Kitsap Transit - Fast Foot Ferry only,-23%,8
"Mon, 03/09/20",Kitsap Transit - Fast Foot Ferry only,-16%,8
"Sun, 03/08/20",Kitsap Transit - Fast Foot Ferry only,,8
"Sat, 03/07/20",Kitsap Transit - Fast Foot Ferry only,,8
"Fri, 03/06/20",Kitsap Transit - Fast Foot Ferry only,-13%,8
"Thu, 03/05/20",Kitsap Transit - Fast Foot Ferry only,180%,8
"Wed, 03/04/20",Kitsap Transit - Fast Foot Ferry only,19%,8
"Tue, 03/03/20",Kitsap Transit - Fast Foot Ferry only,20%,8
"Mon, 03/02/20",Kitsap Transit - Fast Foot Ferry only,19%,8
"Sun, 03/01/20",Kitsap Transit - Fast Foot Ferry only,,8
"Wed, 06/03/20",Kitsap Transit (Excludes Fast Foot Ferry),-69%,7
"Tue, 06/02/20",Kitsap Transit (Excludes Fast Foot Ferry),-71%,7
"Mon, 06/01/20",Kitsap Transit (Excludes Fast Foot Ferry),-67%,7
"Sun, 05/31/20",Kitsap Transit (Excludes Fast Foot Ferry),,7
"Sat, 05/30/20",Kitsap Transit (Excludes Fast Foot Ferry),-58%,7
"Fri, 05/29/20",Kitsap Transit (Excludes Fast Foot Ferry),-68%,7
"Thu, 05/28/20",Kitsap Transit (Excludes Fast Foot Ferry),-70%,7
"Wed, 05/27/20",Kitsap Transit (Excludes Fast Foot Ferry),-69%,7
"Tue, 05/26/20",Kitsap Transit (Excludes Fast Foot Ferry),-69%,7
"Mon, 05/25/20",Kitsap Transit (Excludes Fast Foot Ferry),,7
"Sun, 05/24/20",Kitsap Transit (Excludes Fast Foot Ferry),,7
"Sat, 05/23/20",Kitsap Transit (Excludes Fast Foot Ferry),-35%,7
"Fri, 05/22/20",Kitsap Transit (Excludes Fast Foot Ferry),-66%,7
"Thu, 05/21/20",Kitsap Transit (Excludes Fast Foot Ferry),-72%,7
"Wed, 05/20/20",Kitsap Transit (Excludes Fast Foot Ferry),-72%,7
"Tue, 05/19/20",Kitsap Transit (Excludes Fast Foot Ferry),-70%,7
"Mon, 05/18/20",Kitsap Transit (Excludes Fast Foot Ferry),-70%,7
"Sun, 05/17/20",Kitsap Transit (Excludes Fast Foot Ferry),,7
"Sat, 05/16/20",Kitsap Transit (Excludes Fast Foot Ferry),-62%,7
"Fri, 05/15/20",Kitsap Transit (Excludes Fast Foot Ferry),-70%,7
"Thu, 05/14/20",Kitsap Transit (Excludes Fast Foot Ferry),-73%,7
"Wed, 05/13/20",Kitsap Transit (Excludes Fast Foot Ferry),-73%,7
"Tue, 05/12/20",Kitsap Transit (Excludes Fast Foot Ferry),-73%,7
"Mon, 05/11/20",Kitsap Transit (Excludes Fast Foot Ferry),-71%,7
"Sun, 05/10/20",Kitsap Transit (Excludes Fast Foot Ferry),,7
"Sat, 05/09/20",Kitsap Transit (Excludes Fast Foot Ferry),-51%,7
"Fri, 05/08/20",Kitsap Transit (Excludes Fast Foot Ferry),-70%,7
"Thu, 05/07/20",Kitsap Transit (Excludes Fast Foot Ferry),-74%,7
"Wed, 05/06/20",Kitsap Transit (Excludes Fast Foot Ferry),-73%,7
"Tue, 05/05/20",Kitsap Transit (Excludes Fast Foot Ferry),-73%,7
"Mon, 05/04/20",Kitsap Transit (Excludes Fast Foot Ferry),-72%,7
"Sun, 05/03/20",Kitsap Transit (Excludes Fast Foot Ferry),,7
"Sat, 05/02/20",Kitsap Transit (Excludes Fast Foot Ferry),-67%,7
"Fri, 05/01/20",Kitsap Transit (Excludes Fast Foot Ferry),-70%,7
"Thu, 04/30/20",Kitsap Transit (Excludes Fast Foot Ferry),-73%,7
"Wed, 04/29/20",Kitsap Transit (Excludes Fast Foot Ferry),-71%,7
"Tue, 04/28/20",Kitsap Transit (Excludes Fast Foot Ferry),-75%,7
"Mon, 04/27/20",Kitsap Transit (Excludes Fast Foot Ferry),-74%,7
"Sun, 04/26/20",Kitsap Transit (Excludes Fast Foot Ferry),,7
"Sat, 04/25/20",Kitsap Transit (Excludes Fast Foot Ferry),-58%,7
"Fri, 04/24/20",Kitsap Transit (Excludes Fast Foot Ferry),-74%,7
"Thu, 04/23/20",Kitsap Transit (Excludes Fast Foot Ferry),-76%,7
"Wed, 04/22/20",Kitsap Transit (Excludes Fast Foot Ferry),-77%,7
"Tue, 04/21/20",Kitsap Transit (Excludes Fast Foot Ferry),-76%,7
"Mon, 04/20/20",Kitsap Transit (Excludes Fast Foot Ferry),-73%,7
"Sun, 04/19/20",Kitsap Transit (Excludes Fast Foot Ferry),,7
"Sat, 04/18/20",Kitsap Transit (Excludes Fast Foot Ferry),-57%,7
"Fri, 04/17/20",Kitsap Transit (Excludes Fast Foot Ferry),-72%,7
"Thu, 04/16/20",Kitsap Transit (Excludes Fast Foot Ferry),-74%,7
"Wed, 04/15/20",Kitsap Transit (Excludes Fast Foot Ferry),-76%,7
"Tue, 04/14/20",Kitsap Transit (Excludes Fast Foot Ferry),-79%,7
"Mon, 04/13/20",Kitsap Transit (Excludes Fast Foot Ferry),-81%,7
"Sun, 04/12/20",Kitsap Transit (Excludes Fast Foot Ferry),,7
"Sat, 04/11/20",Kitsap Transit (Excludes Fast Foot Ferry),-65%,7
"Fri, 04/10/20",Kitsap Transit (Excludes Fast Foot Ferry),-84%,7
"Thu, 04/09/20",Kitsap Transit (Excludes Fast Foot Ferry),-84%,7
"Wed, 04/08/20",Kitsap Transit (Excludes Fast Foot Ferry),-85%,7
"Tue, 04/07/20",Kitsap Transit (Excludes Fast Foot Ferry),-86%,7
"Mon, 04/06/20",Kitsap Transit (Excludes Fast Foot Ferry),-84%,7
"Sun, 04/05/20",Kitsap Transit (Excludes Fast Foot Ferry),,7
"Sat, 04/04/20",Kitsap Transit (Excludes Fast Foot Ferry),-65%,7
"Fri, 04/03/20",Kitsap Transit (Excludes Fast Foot Ferry),-83%,7
"Thu, 04/02/20",Kitsap Transit (Excludes Fast Foot Ferry),-85%,7
"Wed, 04/01/20",Kitsap Transit (Excludes Fast Foot Ferry),-80%,7
"Tue, 03/31/20",Kitsap Transit (Excludes Fast Foot Ferry),-84%,7
"Mon, 03/30/20",Kitsap Transit (Excludes Fast Foot Ferry),-81%,7
"Sun, 03/29/20",Kitsap Transit (Excludes Fast Foot Ferry),,7
"Sat, 03/28/20",Kitsap Transit (Excludes Fast Foot Ferry),-83%,7
"Fri, 03/27/20",Kitsap Transit (Excludes Fast Foot Ferry),-89%,7
"Thu, 03/26/20",Kitsap Transit (Excludes Fast Foot Ferry),-84%,7
"Wed, 03/25/20",Kitsap Transit (Excludes Fast Foot Ferry),-83%,7
"Tue, 03/24/20",Kitsap Transit (Excludes Fast Foot Ferry),-83%,7
"Mon, 03/23/20",Kitsap Transit (Excludes Fast Foot Ferry),-80%,7
"Sun, 03/22/20",Kitsap Transit (Excludes Fast Foot Ferry),,7
"Sat, 03/21/20",Kitsap Transit (Excludes Fast Foot Ferry),-55%,7
"Fri, 03/20/20",Kitsap Transit (Excludes Fast Foot Ferry),-60%,7
"Thu, 03/19/20",Kitsap Transit (Excludes Fast Foot Ferry),-59%,7
"Wed, 03/18/20",Kitsap Transit (Excludes Fast Foot Ferry),-49%,7
"Tue, 03/17/20",Kitsap Transit (Excludes Fast Foot Ferry),-41%,7
"Mon, 03/16/20",Kitsap Transit (Excludes Fast Foot Ferry),-33%,7
"Sun, 03/15/20",Kitsap Transit (Excludes Fast Foot Ferry),,7
"Sat, 03/14/20",Kitsap Transit (Excludes Fast Foot Ferry),-23%,7
"Fri, 03/13/20",Kitsap Transit (Excludes Fast Foot Ferry),-22%,7
"Thu, 03/12/20",Kitsap Transit (Excludes Fast Foot Ferry),-17%,7
"Wed, 03/11/20",Kitsap Transit (Excludes Fast Foot Ferry),-13%,7
"Tue, 03/10/20",Kitsap Transit (Excludes Fast Foot Ferry),-16%,7
"Mon, 03/09/20",Kitsap Transit (Excludes Fast Foot Ferry),-10%,7
"Sun, 03/08/20",Kitsap Transit (Excludes Fast Foot Ferry),,7
"Sat, 03/07/20",Kitsap Transit (Excludes Fast Foot Ferry),6%,7
"Fri, 03/06/20",Kitsap Transit (Excludes Fast Foot Ferry),-9%,7
"Thu, 03/05/20",Kitsap Transit (Excludes Fast Foot Ferry),6%,7
"Wed, 03/04/20",Kitsap Transit (Excludes Fast Foot Ferry),0%,7
"Tue, 03/03/20",Kitsap Transit (Excludes Fast Foot Ferry),1%,7
"Mon, 03/02/20",Kitsap Transit (Excludes Fast Foot Ferry),4%,7
"Sun, 03/01/20",Kitsap Transit (Excludes Fast Foot Ferry),,7
"Wed, 06/03/20",C-TRAN,-47%,6
"Tue, 06/02/20",C-TRAN,-52%,6
"Mon, 06/01/20",C-TRAN,-50%,6
"Sun, 05/31/20",C-TRAN,-35%,6
"Sat, 05/30/20",C-TRAN,-50%,6
"Fri, 05/29/20",C-TRAN,-52%,6
"Thu, 05/28/20",C-TRAN,-51%,6
"Wed, 05/27/20",C-TRAN,-52%,6
"Tue, 05/26/20",C-TRAN,-52%,6
"Mon, 05/25/20",C-TRAN,-33%,6
"Sun, 05/24/20",C-TRAN,-38%,6
"Sat, 05/23/20",C-TRAN,-35%,6
"Fri, 05/22/20",C-TRAN,-51%,6
"Thu, 05/21/20",C-TRAN,-56%,6
"Wed, 05/20/20",C-TRAN,-54%,6
"Tue, 05/19/20",C-TRAN,-54%,6
"Mon, 05/18/20",C-TRAN,-58%,6
"Sun, 05/17/20",C-TRAN,-37%,6
"Sat, 05/16/20",C-TRAN,-43%,6
"Fri, 05/15/20",C-TRAN,-53%,6
"Thu, 05/14/20",C-TRAN,-53%,6
"Wed, 05/13/20",C-TRAN,-55%,6
"Tue, 05/12/20",C-TRAN,-54%,6
"Mon, 05/11/20",C-TRAN,-59%,6
"Sun, 05/10/20",C-TRAN,-36%,6
"Sat, 05/09/20",C-TRAN,-38%,6
"Fri, 05/08/20",C-TRAN,-54%,6
"Thu, 05/07/20",C-TRAN,-57%,6
"Wed, 05/06/20",C-TRAN,-58%,6
"Tue, 05/05/20",C-TRAN,-54%,6
"Mon, 05/04/20",C-TRAN,-54%,6
"Sun, 05/03/20",C-TRAN,-37%,6
"Sat, 05/02/20",C-TRAN,-50%,6
"Fri, 05/01/20",C-TRAN,-53%,6
"Thu, 04/30/20",C-TRAN,-55%,6
"Wed, 04/29/20",C-TRAN,-58%,6
"Tue, 04/28/20",C-TRAN,-54%,6
"Mon, 04/27/20",C-TRAN,-57%,6
"Sun, 04/26/20",C-TRAN,-40%,6
"Sat, 04/25/20",C-TRAN,-45%,6
"Fri, 04/24/20",C-TRAN,-58%,6
"Thu, 04/23/20",C-TRAN,-58%,6
"Wed, 04/22/20",C-TRAN,-60%,6
"Tue, 04/21/20",C-TRAN,-57%,6
"Mon, 04/20/20",C-TRAN,-56%,6
"Sun, 04/19/20",C-TRAN,-29%,6
"Sat, 04/18/20",C-TRAN,-51%,6
"Fri, 04/17/20",C-TRAN,-53%,6
"Thu, 04/16/20",C-TRAN,-58%,6
"Wed, 04/15/20",C-TRAN,-56%,6
"Tue, 04/14/20",C-TRAN,-56%,6
"Mon, 04/13/20",C-TRAN,-55%,6
"Sun, 04/12/20",C-TRAN,-41%,6
"Sat, 04/11/20",C-TRAN,-40%,6
"Fri, 04/10/20",C-TRAN,-56%,6
"Thu, 04/09/20",C-TRAN,-55%,6
"Wed, 04/08/20",C-TRAN,-54%,6
"Tue, 04/07/20",C-TRAN,-56%,6
"Mon, 04/06/20",C-TRAN,-57%,6
"Sun, 04/05/20",C-TRAN,-29%,6
"Sat, 04/04/20",C-TRAN,-40%,6
"Fri, 04/03/20",C-TRAN,-45%,6
"Thu, 04/02/20",C-TRAN,-53%,6
"Wed, 04/01/20",C-TRAN,-51%,6
"Tue, 03/31/20",C-TRAN,-52%,6
"Mon, 03/30/20",C-TRAN,-56%,6
"Sun, 03/29/20",C-TRAN,-45%,6
"Sat, 03/28/20",C-TRAN,-47%,6
"Fri, 03/27/20",C-TRAN,-55%,6
"Thu, 03/26/20",C-TRAN,-56%,6
"Wed, 03/25/20",C-TRAN,-56%,6
"Tue, 03/24/20",C-TRAN,-59%,6
"Mon, 03/23/20",C-TRAN,-52%,6
"Sun, 03/22/20",C-TRAN,-40%,6
"Sat, 03/21/20",C-TRAN,-38%,6
"Fri, 03/20/20",C-TRAN,-46%,6
"Thu, 03/19/20",C-TRAN,-44%,6
"Wed, 03/18/20",C-TRAN,-44%,6
"Tue, 03/17/20",C-TRAN,-39%,6
"Mon, 03/16/20",C-TRAN,-34%,6
"Sun, 03/15/20",C-TRAN,-22%,6
"Sat, 03/14/20",C-TRAN,-37%,6
"Fri, 03/13/20",C-TRAN,-21%,6
"Thu, 03/12/20",C-TRAN,-7%,6
"Wed, 03/11/20",C-TRAN,-3%,6
"Tue, 03/10/20",C-TRAN,0%,6
"Mon, 03/09/20",C-TRAN,-2%,6
"Sun, 03/08/20",C-TRAN,3%,6
"Sat, 03/07/20",C-TRAN,-8%,6
"Fri, 03/06/20",C-TRAN,-3%,6
"Thu, 03/05/20",C-TRAN,3%,6
"Wed, 03/04/20",C-TRAN,10%,6
"Tue, 03/03/20",C-TRAN,5%,6
"Mon, 03/02/20",C-TRAN,-4%,6
"Sun, 03/01/20",C-TRAN,5%,6
"Wed, 06/03/20",Spokane Transit,-54%,5
"Tue, 06/02/20",Spokane Transit,-57%,5
"Mon, 06/01/20",Spokane Transit,-58%,5
"Sun, 05/31/20",Spokane Transit,-45%,5
"Sat, 05/30/20",Spokane Transit,-41%,5
"Fri, 05/29/20",Spokane Transit,-56%,5
"Thu, 05/28/20",Spokane Transit,-55%,5
"Wed, 05/27/20",Spokane Transit,-57%,5
"Tue, 05/26/20",Spokane Transit,-58%,5
"Mon, 05/25/20",Spokane Transit,-26%,5
"Sun, 05/24/20",Spokane Transit,-23%,5
"Sat, 05/23/20",Spokane Transit,-32%,5
"Fri, 05/22/20",Spokane Transit,-54%,5
"Thu, 05/21/20",Spokane Transit,-61%,5
"Wed, 05/20/20",Spokane Transit,-66%,5
"Tue, 05/19/20",Spokane Transit,-61%,5
"Mon, 05/18/20",Spokane Transit,-61%,5
"Sun, 05/17/20",Spokane Transit,-37%,5
"Sat, 05/16/20",Spokane Transit,-36%,5
"Fri, 05/15/20",Spokane Transit,-52%,5
"Thu, 05/14/20",Spokane Transit,-59%,5
"Wed, 05/13/20",Spokane Transit,-61%,5
"Tue, 05/12/20",Spokane Transit,-64%,5
"Mon, 05/11/20",Spokane Transit,-61%,5
"Sun, 05/10/20",Spokane Transit,-37%,5
"Sat, 05/09/20",Spokane Transit,-42%,5
"Fri, 05/08/20",Spokane Transit,-61%,5
"Thu, 05/07/20",Spokane Transit,-63%,5
"Wed, 05/06/20",Spokane Transit,-68%,5
"Tue, 05/05/20",Spokane Transit,-64%,5
"Mon, 05/04/20",Spokane Transit,-59%,5
"Sun, 05/03/20",Spokane Transit,-74%,5
"Sat, 05/02/20",Spokane Transit,-47%,5
"Fri, 05/01/20",Spokane Transit,-60%,5
"Thu, 04/30/20",Spokane Transit,-66%,5
"Wed, 04/29/20",Spokane Transit,-68%,5
"Tue, 04/28/20",Spokane Transit,-67%,5
"Mon, 04/27/20",Spokane Transit,-66%,5
"Sun, 04/26/20",Spokane Transit,-44%,5
"Sat, 04/25/20",Spokane Transit,-49%,5
"Fri, 04/24/20",Spokane Transit,-65%,5
"Thu, 04/23/20",Spokane Transit,-69%,5
"Wed, 04/22/20",Spokane Transit,-69%,5
"Tue, 04/21/20",Spokane Transit,-68%,5
"Mon, 04/20/20",Spokane Transit,-65%,5
"Sun, 04/19/20",Spokane Transit,-37%,5
"Sat, 04/18/20",Spokane Transit,-47%,5
"Fri, 04/17/20",Spokane Transit,-64%,5
"Thu, 04/16/20",Spokane Transit,-68%,5
"Wed, 04/15/20",Spokane Transit,-70%,5
"Tue, 04/14/20",Spokane Transit,-70%,5
"Mon, 04/13/20",Spokane Transit,-68%,5
"Sun, 04/12/20",Spokane Transit,-55%,5
"Sat, 04/11/20",Spokane Transit,-48%,5
"Fri, 04/10/20",Spokane Transit,-66%,5
"Thu, 04/09/20",Spokane Transit,-70%,5
"Wed, 04/08/20",Spokane Transit,-70%,5
"Tue, 04/07/20",Spokane Transit,-69%,5
"Mon, 04/06/20",Spokane Transit,-69%,5
"Sun, 04/05/20",Spokane Transit,-52%,5
"Sat, 04/04/20",Spokane Transit,-48%,5
"Fri, 04/03/20",Spokane Transit,-55%,5
"Thu, 04/02/20",Spokane Transit,-69%,5
"Wed, 04/01/20",Spokane Transit,-68%,5
"Tue, 03/31/20",Spokane Transit,-73%,5
"Mon, 03/30/20",Spokane Transit,-70%,5
"Sun, 03/29/20",Spokane Transit,-61%,5
"Sat, 03/28/20",Spokane Transit,-52%,5
"Fri, 03/27/20",Spokane Transit,-64%,5
"Thu, 03/26/20",Spokane Transit,-68%,5
"Wed, 03/25/20",Spokane Transit,-67%,5
"Tue, 03/24/20",Spokane Transit,-62%,5
"Mon, 03/23/20",Spokane Transit,-56%,5
"Sun, 03/22/20",Spokane Transit,-43%,5
"Sat, 03/21/20",Spokane Transit,-48%,5
"Fri, 03/20/20",Spokane Transit,-50%,5
"Thu, 03/19/20",Spokane Transit,-53%,5
"Wed, 03/18/20",Spokane Transit,-53%,5
"Tue, 03/17/20",Spokane Transit,-48%,5
"Mon, 03/16/20",Spokane Transit,-29%,5
"Sun, 03/15/20",Spokane Transit,-27%,5
"Sat, 03/14/20",Spokane Transit,-31%,5
"Fri, 03/13/20",Spokane Transit,-18%,5
"Thu, 03/12/20",Spokane Transit,-11%,5
"Wed, 03/11/20",Spokane Transit,-7%,5
"Tue, 03/10/20",Spokane Transit,-1%,5
"Mon, 03/09/20",Spokane Transit,-6%,5
"Sun, 03/08/20",Spokane Transit,2%,5
"Sat, 03/07/20",Spokane Transit,-5%,5
"Fri, 03/06/20",Spokane Transit,-7%,5
"Thu, 03/05/20",Spokane Transit,-3%,5
"Wed, 03/04/20",Spokane Transit,-2%,5
"Tue, 03/03/20",Spokane Transit,2%,5
"Mon, 03/02/20",Spokane Transit,-2%,5
"Sun, 03/01/20",Spokane Transit,11%,5
"Wed, 06/03/20",Pierce Transit,,4
"Tue, 06/02/20",Pierce Transit,,4
"Mon, 06/01/20",Pierce Transit,-60%,4
"Sun, 05/31/20",Pierce Transit,-39%,4
"Sat, 05/30/20",Pierce Transit,-63%,4
"Fri, 05/29/20",Pierce Transit,-63%,4
"Thu, 05/28/20",Pierce Transit,-63%,4
"Wed, 05/27/20",Pierce Transit,-62%,4
"Tue, 05/26/20",Pierce Transit,-62%,4
"Mon, 05/25/20",Pierce Transit,-39%,4
"Sun, 05/24/20",Pierce Transit,-38%,4
"Sat, 05/23/20",Pierce Transit,-47%,4
"Fri, 05/22/20",Pierce Transit,-62%,4
"Thu, 05/21/20",Pierce Transit,-68%,4
"Wed, 05/20/20",Pierce Transit,-69%,4
"Tue, 05/19/20",Pierce Transit,-68%,4
"Mon, 05/18/20",Pierce Transit,-65%,4
"Sun, 05/17/20",Pierce Transit,-40%,4
"Sat, 05/16/20",Pierce Transit,-60%,4
"Fri, 05/15/20",Pierce Transit,-65%,4
"Thu, 05/14/20",Pierce Transit,-65%,4
"Wed, 05/13/20",Pierce Transit,-68%,4
"Tue, 05/12/20",Pierce Transit,-67%,4
"Mon, 05/11/20",Pierce Transit,-69%,4
"Sun, 05/10/20",Pierce Transit,-43%,4
"Sat, 05/09/20",Pierce Transit,-53%,4
"Fri, 05/08/20",Pierce Transit,-67%,4
"Thu, 05/07/20",Pierce Transit,-67%,4
"Wed, 05/06/20",Pierce Transit,-69%,4
"Tue, 05/05/20",Pierce Transit,-69%,4
"Mon, 05/04/20",Pierce Transit,-66%,4
"Sun, 05/03/20",Pierce Transit,-50%,4
"Sat, 05/02/20",Pierce Transit,-61%,4
"Fri, 05/01/20",Pierce Transit,-67%,4
"Thu, 04/30/20",Pierce Transit,-70%,4
"Wed, 04/29/20",Pierce Transit,-70%,4
"Tue, 04/28/20",Pierce Transit,-70%,4
"Mon, 04/27/20",Pierce Transit,-68%,4
"Sun, 04/26/20",Pierce Transit,-49%,4
"Sat, 04/25/20",Pierce Transit,-56%,4
"Fri, 04/24/20",Pierce Transit,-68%,4
"Thu, 04/23/20",Pierce Transit,-70%,4
"Wed, 04/22/20",Pierce Transit,-72%,4
"Tue, 04/21/20",Pierce Transit,-70%,4
"Mon, 04/20/20",Pierce Transit,-65%,4
"Sun, 04/19/20",Pierce Transit,-40%,4
"Sat, 04/18/20",Pierce Transit,-59%,4
"Fri, 04/17/20",Pierce Transit,-67%,4
"Thu, 04/16/20",Pierce Transit,-69%,4
"Wed, 04/15/20",Pierce Transit,-69%,4
"Tue, 04/14/20",Pierce Transit,-69%,4
"Mon, 04/13/20",Pierce Transit,-69%,4
"Sun, 04/12/20",Pierce Transit,-43%,4
"Sat, 04/11/20",Pierce Transit,-54%,4
"Fri, 04/10/20",Pierce Transit,-72%,4
"Thu, 04/09/20",Pierce Transit,-68%,4
"Wed, 04/08/20",Pierce Transit,-68%,4
"Tue, 04/07/20",Pierce Transit,-69%,4
"Mon, 04/06/20",Pierce Transit,-67%,4
"Sun, 04/05/20",Pierce Transit,-82%,4
"Sat, 04/04/20",Pierce Transit,-47%,4
"Fri, 04/03/20",Pierce Transit,-53%,4
"Thu, 04/02/20",Pierce Transit,-61%,4
"Wed, 04/01/20",Pierce Transit,-57%,4
"Tue, 03/31/20",Pierce Transit,-61%,4
"Mon, 03/30/20",Pierce Transit,-66%,4
"Sun, 03/29/20",Pierce Transit,-55%,4
"Sat, 03/28/20",Pierce Transit,-48%,4
"Fri, 03/27/20",Pierce Transit,-52%,4
"Thu, 03/26/20",Pierce Transit,-56%,4
"Wed, 03/25/20",Pierce Transit,-53%,4
"Tue, 03/24/20",Pierce Transit,-55%,4
"Mon, 03/23/20",Pierce Transit,-50%,4
"Sun, 03/22/20",Pierce Transit,-39%,4
"Sat, 03/21/20",Pierce Transit,-37%,4
"Fri, 03/20/20",Pierce Transit,-42%,4
"Thu, 03/19/20",Pierce Transit,-47%,4
"Wed, 03/18/20",Pierce Transit,-45%,4
"Tue, 03/17/20",Pierce Transit,-44%,4
"Mon, 03/16/20",Pierce Transit,-36%,4
"Sun, 03/15/20",Pierce Transit,-18%,4
"Sat, 03/14/20",Pierce Transit,-22%,4
"Fri, 03/13/20",Pierce Transit,-28%,4
"Thu, 03/12/20",Pierce Transit,-13%,4
"Wed, 03/11/20",Pierce Transit,-16%,4
"Tue, 03/10/20",Pierce Transit,-10%,4
"Mon, 03/09/20",Pierce Transit,-9%,4
"Sun, 03/08/20",Pierce Transit,-14%,4
"Sat, 03/07/20",Pierce Transit,-20%,4
"Fri, 03/06/20",Pierce Transit,-4%,4
"Thu, 03/05/20",Pierce Transit,-3%,4
"Wed, 03/04/20",Pierce Transit,6%,4
"Tue, 03/03/20",Pierce Transit,-7%,4
"Mon, 03/02/20",Pierce Transit,-11%,4
"Sun, 03/01/20",Pierce Transit,-2%,4
"Wed, 06/03/20",Community Transit,-67%,3
"Tue, 06/02/20",Community Transit,-70%,3
"Mon, 06/01/20",Community Transit,-68%,3
"Sun, 05/31/20",Community Transit,-25%,3
"Sat, 05/30/20",Community Transit,-46%,3
"Fri, 05/29/20",Community Transit,-63%,3
"Thu, 05/28/20",Community Transit,-66%,3
"Wed, 05/27/20",Community Transit,-66%,3
"Tue, 05/26/20",Community Transit,-66%,3
"Mon, 05/25/20",Community Transit,-34%,3
"Sun, 05/24/20",Community Transit,-23%,3
"Sat, 05/23/20",Community Transit,-30%,3
"Fri, 05/22/20",Community Transit,-62%,3
"Thu, 05/21/20",Community Transit,-69%,3
"Wed, 05/20/20",Community Transit,-68%,3
"Tue, 05/19/20",Community Transit,-67%,3
"Mon, 05/18/20",Community Transit,-67%,3
"Sun, 05/17/20",Community Transit,-28%,3
"Sat, 05/16/20",Community Transit,-42%,3
"Fri, 05/15/20",Community Transit,-63%,3
"Thu, 05/14/20",Community Transit,-69%,3
"Wed, 05/13/20",Community Transit,-67%,3
"Tue, 05/12/20",Community Transit,-68%,3
"Mon, 05/11/20",Community Transit,-68%,3
"Sun, 05/10/20",Community Transit,-18%,3
"Sat, 05/09/20",Community Transit,-35%,3
"Fri, 05/08/20",Community Transit,-64%,3
"Thu, 05/07/20",Community Transit,-70%,3
"Wed, 05/06/20",Community Transit,-71%,3
"Tue, 05/05/20",Community Transit,-69%,3
"Mon, 05/04/20",Community Transit,-71%,3
"Sun, 05/03/20",Community Transit,-34%,3
"Sat, 05/02/20",Community Transit,-46%,3
"Fri, 05/01/20",Community Transit,-65%,3
"Thu, 04/30/20",Community Transit,-70%,3
"Wed, 04/29/20",Community Transit,-70%,3
"Tue, 04/28/20",Community Transit,-72%,3
"Mon, 04/27/20",Community Transit,-70%,3
"Sun, 04/26/20",Community Transit,-26%,3
"Sat, 04/25/20",Community Transit,-39%,3
"Fri, 04/24/20",Community Transit,-66%,3
"Thu, 04/23/20",Community Transit,-72%,3
"Wed, 04/22/20",Community Transit,-73%,3
"Tue, 04/21/20",Community Transit,-71%,3
"Mon, 04/20/20",Community Transit,-70%,3
"Sun, 04/19/20",Community Transit,-25%,3
"Sat, 04/18/20",Community Transit,-43%,3
"Fri, 04/17/20",Community Transit,-66%,3
"Thu, 04/16/20",Community Transit,-72%,3
"Wed, 04/15/20",Community Transit,-72%,3
"Tue, 04/14/20",Community Transit,-73%,3
"Mon, 04/13/20",Community Transit,-71%,3
"Sun, 04/12/20",Community Transit,-28%,3
"Sat, 04/11/20",Community Transit,-33%,3
"Fri, 04/10/20",Community Transit,-68%,3
"Thu, 04/09/20",Community Transit,-71%,3
"Wed, 04/08/20",Community Transit,-70%,3
"Tue, 04/07/20",Community Transit,-71%,3
"Mon, 04/06/20",Community Transit,-71%,3
"Sun, 04/05/20",Community Transit,-35%,3
"Sat, 04/04/20",Community Transit,-36%,3
"Fri, 04/03/20",Community Transit,-67%,3
"Thu, 04/02/20",Community Transit,-73%,3
"Wed, 04/01/20",Community Transit,-71%,3
"Tue, 03/31/20",Community Transit,-72%,3
"Mon, 03/30/20",Community Transit,-70%,3
"Sun, 03/29/20",Community Transit,-39%,3
"Sat, 03/28/20",Community Transit,-44%,3
"Fri, 03/27/20",Community Transit,-65%,3
"Thu, 03/26/20",Community Transit,-65%,3
"Wed, 03/25/20",Community Transit,-63%,3
"Tue, 03/24/20",Community Transit,-63%,3
"Mon, 03/23/20",Community Transit,-58%,3
"Sun, 03/22/20",Community Transit,-27%,3
"Sat, 03/21/20",Community Transit,-26%,3
"Fri, 03/20/20",Community Transit,-48%,3
"Thu, 03/19/20",Community Transit,-52%,3
"Wed, 03/18/20",Community Transit,-52%,3
"Tue, 03/17/20",Community Transit,-49%,3
"Mon, 03/16/20",Community Transit,-45%,3
"Sun, 03/15/20",Community Transit,-6%,3
"Sat, 03/14/20",Community Transit,-16%,3
"Fri, 03/13/20",Community Transit,-36%,3
"Thu, 03/12/20",Community Transit,-33%,3
"Wed, 03/11/20",Community Transit,-28%,3
"Tue, 03/10/20",Community Transit,-27%,3
"Mon, 03/09/20",Community Transit,-24%,3
"Sun, 03/08/20",Community Transit,7%,3
"Sat, 03/07/20",Community Transit,2%,3
"Fri, 03/06/20",Community Transit,-16%,3
"Thu, 03/05/20",Community Transit,-4%,3
"Wed, 03/04/20",Community Transit,1%,3
"Tue, 03/03/20",Community Transit,-1%,3
"Mon, 03/02/20",Community Transit,-5%,3
"Sun, 03/01/20",Community Transit,12%,3
"Wed, 06/03/20",Sound Transit,,2
"Tue, 06/02/20",Sound Transit,,2
"Mon, 06/01/20",Sound Transit,,2
"Sun, 05/31/20",Sound Transit,,2
"Sat, 05/30/20",Sound Transit,,2
"Fri, 05/29/20",Sound Transit,,2
"Thu, 05/28/20",Sound Transit,,2
"Wed, 05/27/20",Sound Transit,,2
"Tue, 05/26/20",Sound Transit,-86%,2
"Mon, 05/25/20",Sound Transit,-91%,2
"Sun, 05/24/20",Sound Transit,,2
"Sat, 05/23/20",Sound Transit,,2
"Fri, 05/22/20",Sound Transit,-86%,2
"Thu, 05/21/20",Sound Transit,-86%,2
"Wed, 05/20/20",Sound Transit,-86%,2
"Tue, 05/19/20",Sound Transit,-87%,2
"Mon, 05/18/20",Sound Transit,-86%,2
"Sun, 05/17/20",Sound Transit,,2
"Sat, 05/16/20",Sound Transit,,2
"Fri, 05/15/20",Sound Transit,-87%,2
"Thu, 05/14/20",Sound Transit,-86%,2
"Wed, 05/13/20",Sound Transit,-87%,2
"Tue, 05/12/20",Sound Transit,-87%,2
"Mon, 05/11/20",Sound Transit,-87%,2
"Sun, 05/10/20",Sound Transit,,2
"Sat, 05/09/20",Sound Transit,,2
"Fri, 05/08/20",Sound Transit,-87%,2
"Thu, 05/07/20",Sound Transit,-87%,2
"Wed, 05/06/20",Sound Transit,-87%,2
"Tue, 05/05/20",Sound Transit,-87%,2
"Mon, 05/04/20",Sound Transit,-88%,2
"Sun, 05/03/20",Sound Transit,,2
"Sat, 05/02/20",Sound Transit,,2
"Fri, 05/01/20",Sound Transit,-87%,2
"Thu, 04/30/20",Sound Transit,-87%,2
"Wed, 04/29/20",Sound Transit,-86%,2
"Tue, 04/28/20",Sound Transit,-87%,2
"Mon, 04/27/20",Sound Transit,-86%,2
"Sun, 04/26/20",Sound Transit,,2
"Sat, 04/25/20",Sound Transit,,2
"Fri, 04/24/20",Sound Transit,-87%,2
"Thu, 04/23/20",Sound Transit,-86%,2
"Wed, 04/22/20",Sound Transit,-88%,2
"Tue, 04/21/20",Sound Transit,-87%,2
"Mon, 04/20/20",Sound Transit,-88%,2
"Sun, 04/19/20",Sound Transit,,2
"Sat, 04/18/20",Sound Transit,,2
"Fri, 04/17/20",Sound Transit,-87%,2
"Thu, 04/16/20",Sound Transit,-87%,2
"Wed, 04/15/20",Sound Transit,-87%,2
"Tue, 04/14/20",Sound Transit,-87%,2
"Mon, 04/13/20",Sound Transit,-86%,2
"Sun, 04/12/20",Sound Transit,,2
"Sat, 04/11/20",Sound Transit,,2
"Fri, 04/10/20",Sound Transit,-87%,2
"Thu, 04/09/20",Sound Transit,-87%,2
"Wed, 04/08/20",Sound Transit,-86%,2
"Tue, 04/07/20",Sound Transit,-87%,2
"Mon, 04/06/20",Sound Transit,-86%,2
"Sun, 04/05/20",Sound Transit,,2
"Sat, 04/04/20",Sound Transit,,2
"Fri, 04/03/20",Sound Transit,-85%,2
"Thu, 04/02/20",Sound Transit,-86%,2
"Wed, 04/01/20",Sound Transit,-85%,2
"Tue, 03/31/20",Sound Transit,-85%,2
"Mon, 03/30/20",Sound Transit,-84%,2
"Sun, 03/29/20",Sound Transit,-77%,2
"Sat, 03/28/20",Sound Transit,-80%,2
"Fri, 03/27/20",Sound Transit,-85%,2
"Thu, 03/26/20",Sound Transit,-84%,2
"Wed, 03/25/20",Sound Transit,-84%,2
"Tue, 03/24/20",Sound Transit,-84%,2
"Mon, 03/23/20",Sound Transit,-80%,2
"Sun, 03/22/20",Sound Transit,,2
"Sat, 03/21/20",Sound Transit,,2
"Fri, 03/20/20",Sound Transit,-75%,2
"Thu, 03/19/20",Sound Transit,-75%,2
"Wed, 03/18/20",Sound Transit,-69%,2
"Tue, 03/17/20",Sound Transit,-69%,2
"Mon, 03/16/20",Sound Transit,-67%,2
"Sun, 03/15/20",Sound Transit,,2
"Sat, 03/14/20",Sound Transit,,2
"Fri, 03/13/20",Sound Transit,-60%,2
"Thu, 03/12/20",Sound Transit,-50%,2
"Wed, 03/11/20",Sound Transit,-50%,2
"Tue, 03/10/20",Sound Transit,-48%,2
"Mon, 03/09/20",Sound Transit,-48%,2
"Sun, 03/08/20",Sound Transit,,2
"Sat, 03/07/20",Sound Transit,,2
"Fri, 03/06/20",Sound Transit,-32%,2
"Thu, 03/05/20",Sound Transit,-27%,2
"Wed, 03/04/20",Sound Transit,-20%,2
"Tue, 03/03/20",Sound Transit,-14%,2
"Mon, 03/02/20",Sound Transit,-8%,2
"Sun, 03/01/20",Sound Transit,,2
"Wed, 06/03/20",King County Metro,,1
"Tue, 06/02/20",King County Metro,-71%,1
"Mon, 06/01/20",King County Metro,-70%,1
"Sun, 05/31/20",King County Metro,-56%,1
"Sat, 05/30/20",King County Metro,-63%,1
"Fri, 05/29/20",King County Metro,-72%,1
"Thu, 05/28/20",King County Metro,-73%,1
"Wed, 05/27/20",King County Metro,-73%,1
"Tue, 05/26/20",King County Metro,-73%,1
"Mon, 05/25/20",King County Metro,-59%,1
"Sun, 05/24/20",King County Metro,-57%,1
"Sat, 05/23/20",King County Metro,-54%,1
"Fri, 05/22/20",King County Metro,-70%,1
"Thu, 05/21/20",King County Metro,-75%,1
"Wed, 05/20/20",King County Metro,-74%,1
"Tue, 05/19/20",King County Metro,-73%,1
"Mon, 05/18/20",King County Metro,-72%,1
"Sun, 05/17/20",King County Metro,-54%,1
"Sat, 05/16/20",King County Metro,-63%,1
"Fri, 05/15/20",King County Metro,-71%,1
"Thu, 05/14/20",King County Metro,-74%,1
"Wed, 05/13/20",King County Metro,-74%,1
"Tue, 05/12/20",King County Metro,-74%,1
"Mon, 05/11/20",King County Metro,-74%,1
"Sun, 05/10/20",King County Metro,-51%,1
"Sat, 05/09/20",King County Metro,-59%,1
"Fri, 05/08/20",King County Metro,-72%,1
"Thu, 05/07/20",King County Metro,-74%,1
"Wed, 05/06/20",King County Metro,-75%,1
"Tue, 05/05/20",King County Metro,-75%,1
"Mon, 05/04/20",King County Metro,-74%,1
"Sun, 05/03/20",King County Metro,-77%,1
"Sat, 05/02/20",King County Metro,-81%,1
"Fri, 05/01/20",King County Metro,-72%,1
"Thu, 04/30/20",King County Metro,-75%,1
"Wed, 04/29/20",King County Metro,-75%,1
"Tue, 04/28/20",King County Metro,-77%,1
"Mon, 04/27/20",King County Metro,-75%,1
"Sun, 04/26/20",King County Metro,-78%,1
"Sat, 04/25/20",King County Metro,-80%,1
"Fri, 04/24/20",King County Metro,-74%,1
"Thu, 04/23/20",King County Metro,-76%,1
"Wed, 04/22/20",King County Metro,-78%,1
"Tue, 04/21/20",King County Metro,-77%,1
"Mon, 04/20/20",King County Metro,-74%,1
"Sun, 04/19/20",King County Metro,-75%,1
"Sat, 04/18/20",King County Metro,-81%,1
"Fri, 04/17/20",King County Metro,-72%,1
"Thu, 04/16/20",King County Metro,-74%,1
"Wed, 04/15/20",King County Metro,-75%,1
"Tue, 04/14/20",King County Metro,-75%,1
"Mon, 04/13/20",King County Metro,-74%,1
"Sun, 04/12/20",King County Metro,-77%,1
"Sat, 04/11/20",King County Metro,-78%,1
"Fri, 04/10/20",King County Metro,-72%,1
"Thu, 04/09/20",King County Metro,-73%,1
"Wed, 04/08/20",King County Metro,-73%,1
"Tue, 04/07/20",King County Metro,-74%,1
"Mon, 04/06/20",King County Metro,-72%,1
"Sun, 04/05/20",King County Metro,-75%,1
"Sat, 04/04/20",King County Metro,-88%,1
"Fri, 04/03/20",King County Metro,-71%,1
"Thu, 04/02/20",King County Metro,-75%,1
"Wed, 04/01/20",King County Metro,-73%,1
"Tue, 03/31/20",King County Metro,-74%,1
"Mon, 03/30/20",King County Metro,-74%,1
"Sun, 03/29/20",King County Metro,-77%,1
"Sat, 03/28/20",King County Metro,-78%,1
"Fri, 03/27/20",King County Metro,-71%,1
"Thu, 03/26/20",King County Metro,-72%,1
"Wed, 03/25/20",King County Metro,-71%,1
"Tue, 03/24/20",King County Metro,-70%,1
"Mon, 03/23/20",King County Metro,-65%,1
"Sun, 03/22/20",King County Metro,-73%,1
"Sat, 03/21/20",King County Metro,-74%,1
"Fri, 03/20/20",King County Metro,-62%,1
"Thu, 03/19/20",King County Metro,-63%,1
"Wed, 03/18/20",King County Metro,-62%,1
"Tue, 03/17/20",King County Metro,-60%,1
"Mon, 03/16/20",King County Metro,-55%,1
"Sun, 03/15/20",King County Metro,-65%,1
"Sat, 03/14/20",King County Metro,-67%,1
"Fri, 03/13/20",King County Metro,-48%,1
"Thu, 03/12/20",King County Metro,-45%,1
"Wed, 03/11/20",King County Metro,-37%,1
"Tue, 03/10/20",King County Metro,-34%,1
"Mon, 03/09/20",King County Metro,-31%,1
"Sun, 03/08/20",King County Metro,-55%,1
"Sat, 03/07/20",King County Metro,-59%,1
"Fri, 03/06/20",King County Metro,-25%,1
"Thu, 03/05/20",King County Metro,-16%,1
"Wed, 03/04/20",King County Metro,-10%,1
"Tue, 03/03/20",King County Metro,-8%,1
"Mon, 03/02/20",King County Metro,-7%,1
"Sun, 03/01/20",King County Metro,-46%,1
